{"cameraMode":{"drawMode":0,"name":"Shaded","section":"Shading Mode"},"sceneLighting":false,"audioPlay":false,"sceneViewState":{"showFog":true,"showMaterialUpdate":false,"showSkybox":false,"showFlares":true,"showImageEffects":true,"showParticleSystems":true},"in2DMode":false,"pivot":{"x":-0.026899337768554689,"y":0.23211519420146943,"z":-0.06373214721679688},"rotation":{"x":-0.06885172426700592,"y":0.9311516880989075,"z":-0.2535077631473541,"w":-0.25289708375930788},"size":13.568058967590332,"orthographic":false}