{"cameraMode":{"drawMode":0,"name":"Shaded","section":"Shading Mode"},"sceneLighting":false,"audioPlay":false,"sceneViewState":{"showFog":true,"showMaterialUpdate":false,"showSkybox":false,"showFlares":true,"showImageEffects":true,"showParticleSystems":true},"in2DMode":false,"pivot":{"x":0.0,"y":0.6654355525970459,"z":0.028783701360225679},"rotation":{"x":0.00013809764641337097,"y":-0.9971634149551392,"z":0.07674510776996613,"w":-0.0030246777459979059},"size":1.1066396236419678,"orthographic":false}