{"cameraMode":{"drawMode":0,"name":"Shaded","section":"Shading Mode"},"sceneLighting":true,"audioPlay":false,"sceneViewState":{"showFog":true,"showMaterialUpdate":false,"showSkybox":true,"showFlares":true,"showImageEffects":true,"showParticleSystems":true},"in2DMode":false,"pivot":{"x":580.6263427734375,"y":289.37481689453127,"z":0.0},"rotation":{"x":-0.040913015604019168,"y":-0.8429920077323914,"z":0.06635195016860962,"w":-0.5326385498046875},"size":648.7431030273438,"orthographic":false}